{
    "0": 0.00559631886581271,
    "1": 0.015918418107200596,
    "2": 0.05409774903618953,
    "3": 0.0746175848775028,
    "4": 0.04850143017037682,
    "5": 0.09401815694565352,
    "6": 0.09563487128466609,
    "7": 0.05521701280935207,
    "8": 0.05235667205571446,
    "9": 0.16142270861833105,
    "10": 0.1548314886208183
}