{
    "0": 0.006342494714587738,
    "1": 0.013804253202338017,
    "2": 0.09463997015296605,
    "3": 0.12871533391369233,
    "4": 0.16353687352319363,
    "5": 0.11590598184305434,
    "6": 0.1275960701405298,
    "7": 0.07188160676532769,
    "8": 0.05098868299962691,
    "9": 0.16390996144758116,
    "10": 0.13170003730879243
}