{
"Cars": 0.7796293993284418,
"DTD": 0.7882978723404256,
"EuroSAT": 0.9907407407407407,
"GTSRB": 0.9880443388756928,
"MNIST": 0.9958,
"RESISC45": 0.9512698412698413,
"SUN397": 0.7455415617128464,
"SVHN": 0.9726874615857406
}