{
    "[0, 2]": 0.04291369754552653,
    "[0, 3]": 0.06579572446555819,
    "[0, 4]": 0.08535233570863024,
    "[0, 5]": 0.07046714172604909,
    "[0, 6]": 0.08210609659540775,
    "[0, 7]": 0.05985748218527316,
    "[0, 8]": 0.09857482185273159,
    "[0, 9]": 0.14275534441805227,
    "[0, 10]": 0.048693586698337295,
    "[1, 3]": 0.14837688044338876,
    "[1, 4]": 0.08725257323832146,
    "[1, 5]": 0.0953285827395091,
    "[1, 6]": 0.14782264449722882,
    "[1, 7]": 0.35985748218527314,
    "[1, 8]": 0.49794140934283454,
    "[1, 9]": 0.5961203483768804,
    "[1, 10]": 0.4027711797307997,
    "[2, 4]": 0.0714172604908947,
    "[2, 5]": 0.09271575613618369,
    "[2, 6]": 0.11567695961995249,
    "[2, 7]": 0.1859065716547902,
    "[2, 8]": 0.38004750593824227,
    "[2, 9]": 0.49612034837688046,
    "[2, 10]": 0.31456848772763263,
    "[3, 5]": 0.0892319873317498,
    "[3, 6]": 0.12699920823436261,
    "[3, 7]": 0.1536025336500396,
    "[3, 8]": 0.20007917656373714,
    "[3, 9]": 0.2862232779097387,
    "[3, 10]": 0.15146476642913698,
    "[4, 6]": 0.07941409342834521,
    "[4, 7]": 0.13087885985748218,
    "[4, 8]": 0.2501187648456057,
    "[4, 9]": 0.26215360253365005,
    "[4, 10]": 0.09326999208234363,
    "[5, 7]": 0.1547901821060966,
    "[5, 8]": 0.20593824228028504,
    "[5, 9]": 0.30673000791765637,
    "[5, 10]": 0.09287410926365795,
    "[6, 8]": 0.2667458432304038,
    "[6, 9]": 0.4307205067300079,
    "[6, 10]": 0.12034837688044339,
    "[7, 9]": 0.6417260490894695,
    "[7, 10]": 0.23499604117181314,
    "[8, 10]": 0.29588281868566907
}