{
    "[0, 2]": 0.05682539682539683,
    "[0, 3]": 0.04634920634920635,
    "[0, 4]": 0.036825396825396824,
    "[0, 5]": 0.023015873015873017,
    "[0, 6]": 0.03126984126984127,
    "[0, 7]": 0.025396825396825397,
    "[0, 8]": 0.03746031746031746,
    "[0, 9]": 0.029682539682539682,
    "[0, 10]": 0.032857142857142856,
    "[1, 3]": 0.09412698412698413,
    "[1, 4]": 0.09507936507936508,
    "[1, 5]": 0.10095238095238095,
    "[1, 6]": 0.09317460317460317,
    "[1, 7]": 0.09523809523809523,
    "[1, 8]": 0.12571428571428572,
    "[1, 9]": 0.1988888888888889,
    "[1, 10]": 0.1619047619047619,
    "[2, 4]": 0.13698412698412699,
    "[2, 5]": 0.15777777777777777,
    "[2, 6]": 0.16126984126984126,
    "[2, 7]": 0.1365079365079365,
    "[2, 8]": 0.19793650793650794,
    "[2, 9]": 0.37857142857142856,
    "[2, 10]": 0.29825396825396827,
    "[3, 5]": 0.11492063492063492,
    "[3, 6]": 0.14063492063492064,
    "[3, 7]": 0.13365079365079366,
    "[3, 8]": 0.1957142857142857,
    "[3, 9]": 0.4080952380952381,
    "[3, 10]": 0.2877777777777778,
    "[4, 6]": 0.07793650793650794,
    "[4, 7]": 0.11476190476190476,
    "[4, 8]": 0.20253968253968255,
    "[4, 9]": 0.37253968253968256,
    "[4, 10]": 0.27825396825396825,
    "[5, 7]": 0.12158730158730159,
    "[5, 8]": 0.14285714285714285,
    "[5, 9]": 0.3915873015873016,
    "[5, 10]": 0.31793650793650796,
    "[6, 8]": 0.16793650793650794,
    "[6, 9]": 0.3306349206349206,
    "[6, 10]": 0.2892063492063492,
    "[7, 9]": 0.2573015873015873,
    "[7, 10]": 0.22380952380952382,
    "[8, 10]": 0.24492063492063493
}