{
    "[0, 2]": 0.005845044148737719,
    "[0, 3]": 0.005471956224350205,
    "[0, 4]": 0.005720681507275215,
    "[0, 5]": 0.005098868299962691,
    "[0, 6]": 0.007088670563362766,
    "[0, 7]": 0.004477055092650168,
    "[0, 8]": 0.004601417734112673,
    "[0, 9]": 0.004352692451187664,
    "[0, 10]": 0.004601417734112673,
    "[1, 3]": 0.007337395846287775,
    "[1, 4]": 0.006466857356050243,
    "[1, 5]": 0.008083571695062804,
    "[1, 6]": 0.007710483770675289,
    "[1, 7]": 0.005720681507275215,
    "[1, 8]": 0.008829747543837831,
    "[1, 9]": 0.008207934336525308,
    "[1, 10]": 0.006093769431662729,
    "[2, 4]": 0.005471956224350205,
    "[2, 5]": 0.00746175848775028,
    "[2, 6]": 0.011068275090162914,
    "[2, 7]": 0.010322099241387887,
    "[2, 8]": 0.010197736599925383,
    "[2, 9]": 0.021639099614475812,
    "[2, 10]": 0.01977365999253824,
    "[3, 5]": 0.0065912199975127475,
    "[3, 6]": 0.013431165277950503,
    "[3, 7]": 0.013679890560875513,
    "[3, 8]": 0.013679890560875513,
    "[3, 9]": 0.025743066782738466,
    "[3, 10]": 0.02487252829250093,
    "[4, 6]": 0.009078472826762841,
    "[4, 7]": 0.007586121129212784,
    "[4, 8]": 0.011317000373087924,
    "[4, 9]": 0.025245616216888447,
    "[4, 10]": 0.02101728640716329,
    "[5, 7]": 0.011317000373087924,
    "[5, 8]": 0.007088670563362766,
    "[5, 9]": 0.017410769804750655,
    "[5, 10]": 0.011814450938937944,
    "[6, 8]": 0.012063176221862952,
    "[6, 9]": 0.024126352443725903,
    "[6, 10]": 0.02002238527546325,
    "[7, 9]": 0.022758363387638352,
    "[7, 10]": 0.012809352070637981,
    "[8, 10]": 0.008829747543837831
}