{
    "[0, 2]": 0.03031914893617021,
    "[0, 3]": 0.036170212765957444,
    "[0, 4]": 0.023404255319148935,
    "[0, 5]": 0.019148936170212766,
    "[0, 6]": 0.026063829787234042,
    "[0, 7]": 0.02074468085106383,
    "[0, 8]": 0.02446808510638298,
    "[0, 9]": 0.031914893617021274,
    "[0, 10]": 0.031914893617021274,
    "[1, 3]": 0.07340425531914893,
    "[1, 4]": 0.07234042553191489,
    "[1, 5]": 0.04946808510638298,
    "[1, 6]": 0.04414893617021277,
    "[1, 7]": 0.047872340425531915,
    "[1, 8]": 0.08297872340425531,
    "[1, 9]": 0.12872340425531914,
    "[1, 10]": 0.0973404255319149,
    "[2, 4]": 0.10904255319148937,
    "[2, 5]": 0.08085106382978724,
    "[2, 6]": 0.08776595744680851,
    "[2, 7]": 0.09893617021276596,
    "[2, 8]": 0.17287234042553193,
    "[2, 9]": 0.275,
    "[2, 10]": 0.21808510638297873,
    "[3, 5]": 0.075,
    "[3, 6]": 0.1452127659574468,
    "[3, 7]": 0.1148936170212766,
    "[3, 8]": 0.19361702127659575,
    "[3, 9]": 0.2925531914893617,
    "[3, 10]": 0.20851063829787234,
    "[4, 6]": 0.11595744680851064,
    "[4, 7]": 0.1372340425531915,
    "[4, 8]": 0.18670212765957447,
    "[4, 9]": 0.3324468085106383,
    "[4, 10]": 0.22819148936170214,
    "[5, 7]": 0.08776595744680851,
    "[5, 8]": 0.12340425531914893,
    "[5, 9]": 0.29202127659574467,
    "[5, 10]": 0.20851063829787234,
    "[6, 8]": 0.12819148936170213,
    "[6, 9]": 0.3170212765957447,
    "[6, 10]": 0.22606382978723405,
    "[7, 9]": 0.32074468085106383,
    "[7, 10]": 0.2047872340425532,
    "[8, 10]": 0.32074468085106383
}