{
    "0": 0.14777777777777779,
    "1": 0.42148148148148146,
    "2": 0.6785185185185185,
    "3": 0.6807407407407408,
    "4": 0.7585185185185185,
    "5": 0.8411111111111111,
    "6": 0.79,
    "7": 0.8818518518518519,
    "8": 0.9392592592592592,
    "9": 0.9707407407407408,
    "10": 0.9655555555555555
}