{
    "0": 0.14592592592592593,
    "1": 0.4785185185185185,
    "2": 0.6044444444444445,
    "3": 0.7062962962962963,
    "4": 0.7514814814814815,
    "5": 0.8585185185185186,
    "6": 0.7918518518518518,
    "7": 0.8844444444444445,
    "8": 0.937037037037037,
    "9": 0.9662962962962963,
    "10": 0.9481481481481482
}