{
    "[0, 2]": 0.1925925925925926,
    "[0, 3]": 0.19666666666666666,
    "[0, 4]": 0.15814814814814815,
    "[0, 5]": 0.12666666666666668,
    "[0, 6]": 0.16074074074074074,
    "[0, 7]": 0.21703703703703703,
    "[0, 8]": 0.20962962962962964,
    "[0, 9]": 0.19111111111111112,
    "[0, 10]": 0.1259259259259259,
    "[1, 3]": 0.3422222222222222,
    "[1, 4]": 0.28074074074074074,
    "[1, 5]": 0.3411111111111111,
    "[1, 6]": 0.26185185185185184,
    "[1, 7]": 0.2848148148148148,
    "[1, 8]": 0.3622222222222222,
    "[1, 9]": 0.43148148148148147,
    "[1, 10]": 0.3559259259259259,
    "[2, 4]": 0.43148148148148147,
    "[2, 5]": 0.47074074074074074,
    "[2, 6]": 0.34074074074074073,
    "[2, 7]": 0.3611111111111111,
    "[2, 8]": 0.4085185185185185,
    "[2, 9]": 0.5466666666666666,
    "[2, 10]": 0.4922222222222222,
    "[3, 5]": 0.40444444444444444,
    "[3, 6]": 0.24962962962962962,
    "[3, 7]": 0.34925925925925927,
    "[3, 8]": 0.4140740740740741,
    "[3, 9]": 0.6174074074074074,
    "[3, 10]": 0.6322222222222222,
    "[4, 6]": 0.24555555555555555,
    "[4, 7]": 0.3762962962962963,
    "[4, 8]": 0.5962962962962963,
    "[4, 9]": 0.65,
    "[4, 10]": 0.66,
    "[5, 7]": 0.40185185185185185,
    "[5, 8]": 0.5137037037037037,
    "[5, 9]": 0.7318518518518519,
    "[5, 10]": 0.7344444444444445,
    "[6, 8]": 0.43925925925925924,
    "[6, 9]": 0.6818518518518518,
    "[6, 10]": 0.727037037037037,
    "[7, 9]": 0.6862962962962963,
    "[7, 10]": 0.6077777777777778,
    "[8, 10]": 0.6066666666666667
}