{
    "[0, 2]": 0.005692695214105793,
    "[0, 3]": 0.004685138539042821,
    "[0, 4]": 0.005138539042821159,
    "[0, 5]": 0.004836272040302267,
    "[0, 6]": 0.0049370277078085644,
    "[0, 7]": 0.003526448362720403,
    "[0, 8]": 0.005390428211586902,
    "[0, 9]": 0.008161209068010076,
    "[0, 10]": 0.00654911838790932,
    "[1, 3]": 0.015113350125944584,
    "[1, 4]": 0.017682619647355163,
    "[1, 5]": 0.014357682619647354,
    "[1, 6]": 0.015818639798488666,
    "[1, 7]": 0.01269521410579345,
    "[1, 8]": 0.015768261964735516,
    "[1, 9]": 0.038790931989924435,
    "[1, 10]": 0.040503778337531486,
    "[2, 4]": 0.03687657430730479,
    "[2, 5]": 0.04231738035264484,
    "[2, 6]": 0.04211586901763224,
    "[2, 7]": 0.034659949622166245,
    "[2, 8]": 0.04659949622166247,
    "[2, 9]": 0.12297229219143577,
    "[2, 10]": 0.12136020151133502,
    "[3, 5]": 0.039395465994962214,
    "[3, 6]": 0.06534005037783375,
    "[3, 7]": 0.05521410579345088,
    "[3, 8]": 0.0834256926952141,
    "[3, 9]": 0.18992443324937028,
    "[3, 10]": 0.1560705289672544,
    "[4, 6]": 0.04171284634760705,
    "[4, 7]": 0.04937027707808564,
    "[4, 8]": 0.06624685138539042,
    "[4, 9]": 0.1618639798488665,
    "[4, 10]": 0.14105793450881612,
    "[5, 7]": 0.03843828715365239,
    "[5, 8]": 0.04720403022670025,
    "[5, 9]": 0.11934508816120906,
    "[5, 10]": 0.1360705289672544,
    "[6, 8]": 0.05188916876574307,
    "[6, 9]": 0.13445843828715365,
    "[6, 10]": 0.16161209068010077,
    "[7, 9]": 0.087455919395466,
    "[7, 10]": 0.09425692695214105,
    "[8, 10]": 0.08644836272040302
}