{
    "0": 0.005591939546599496,
    "1": 0.10342569269521411,
    "2": 0.19486146095717885,
    "3": 0.27355163727959697,
    "4": 0.2142065491183879,
    "5": 0.28720403022670027,
    "6": 0.33395465994962215,
    "7": 0.21012594458438288,
    "8": 0.2689168765743073,
    "9": 0.4357682619647355,
    "10": 0.41360201511335015
}