{
    "0": 0.1545021511985249,
    "1": 0.8196834665027658,
    "2": 0.7941379840196681,
    "3": 0.5487861094038107,
    "4": 0.5217808850645359,
    "5": 0.8073524892440074,
    "6": 0.9044637369391518,
    "7": 0.9505224339274739,
    "8": 0.9622387830362631,
    "9": 0.9693838352796558,
    "10": 0.9089582052858021
}