{
    "0": 0.3534111862323294,
    "1": 0.8044714197910264,
    "2": 0.7706668715427166,
    "3": 0.5449446834665027,
    "4": 0.5258527965580824,
    "5": 0.7616011063306699,
    "6": 0.8962814996926859,
    "7": 0.948678549477566,
    "8": 0.9592424708051629,
    "9": 0.9665027658266748,
    "10": 0.9441456668715427
}