{
    "0": 0.018085106382978722,
    "1": 0.19840425531914893,
    "2": 0.2026595744680851,
    "3": 0.3191489361702128,
    "4": 0.3526595744680851,
    "5": 0.2925531914893617,
    "6": 0.3452127659574468,
    "7": 0.3553191489361702,
    "8": 0.5707446808510638,
    "9": 0.6436170212765957,
    "10": 0.5787234042553191
}