{
    "0": 0.0398936170212766,
    "1": 0.1622340425531915,
    "2": 0.325,
    "3": 0.40106382978723404,
    "4": 0.41117021276595744,
    "5": 0.3526595744680851,
    "6": 0.3920212765957447,
    "7": 0.3840425531914894,
    "8": 0.5521276595744681,
    "9": 0.6414893617021277,
    "10": 0.576063829787234
}