{
    "0": 0.12969121140142517,
    "1": 0.7174980205859066,
    "2": 0.678701504354711,
    "3": 0.434916864608076,
    "4": 0.4154394299287411,
    "5": 0.5266825019794141,
    "6": 0.8107680126682502,
    "7": 0.9092636579572446,
    "8": 0.9556611243072051,
    "9": 0.9600158353127475,
    "10": 0.6771179730799683
}