{
    "0": 0.056057007125890734,
    "1": 0.7368962787015043,
    "2": 0.6764845605700712,
    "3": 0.5209026128266033,
    "4": 0.4231987331749802,
    "5": 0.6212984956452889,
    "6": 0.8363420427553444,
    "7": 0.9362628661916073,
    "8": 0.9554235946159937,
    "9": 0.9706254948535233,
    "10": 0.9015835312747427
}