{
    "[0, 2]": 0.19767977873386602,
    "[0, 3]": 0.19337738168408114,
    "[0, 4]": 0.1628380454824831,
    "[0, 5]": 0.10475568531038722,
    "[0, 6]": 0.17401659496004918,
    "[0, 7]": 0.21020282728948986,
    "[0, 8]": 0.21185464044253227,
    "[0, 9]": 0.2549170251997541,
    "[0, 10]": 0.24681161647203442,
    "[1, 3]": 0.24185617701290718,
    "[1, 4]": 0.2062461585740627,
    "[1, 5]": 0.24327750460971112,
    "[1, 6]": 0.2919099569760295,
    "[1, 7]": 0.5173632452366318,
    "[1, 8]": 0.6036416717885679,
    "[1, 9]": 0.7820759065765212,
    "[1, 10]": 0.6006837738168408,
    "[2, 4]": 0.21415949600491702,
    "[2, 5]": 0.2548017824216349,
    "[2, 6]": 0.31388291333743085,
    "[2, 7]": 0.36712507682851875,
    "[2, 8]": 0.5089121081745543,
    "[2, 9]": 0.7366702519975414,
    "[2, 10]": 0.5289643515673018,
    "[3, 5]": 0.21876920712968653,
    "[3, 6]": 0.22649047326367547,
    "[3, 7]": 0.2504225568531039,
    "[3, 8]": 0.33005531653349723,
    "[3, 9]": 0.45236631837738167,
    "[3, 10]": 0.3496081745543946,
    "[4, 6]": 0.22287953288260604,
    "[4, 7]": 0.19710356484326982,
    "[4, 8]": 0.24681161647203442,
    "[4, 9]": 0.4677704363859865,
    "[4, 10]": 0.27051321450522436,
    "[5, 7]": 0.2614858635525507,
    "[5, 8]": 0.314420712968654,
    "[5, 9]": 0.6203518746158574,
    "[5, 10]": 0.38759987707437,
    "[6, 8]": 0.43799938537185,
    "[6, 9]": 0.7985172095881992,
    "[6, 10]": 0.5462123540258144,
    "[7, 9]": 0.8543715427166564,
    "[7, 10]": 0.5368776889981561,
    "[8, 10]": 0.6888060848186847
}