{
    "0": 0.02507936507936508,
    "1": 0.2411111111111111,
    "2": 0.5092063492063492,
    "3": 0.5701587301587302,
    "4": 0.41793650793650794,
    "5": 0.6225396825396825,
    "6": 0.5555555555555556,
    "7": 0.4088888888888889,
    "8": 0.5576190476190476,
    "9": 0.7861904761904762,
    "10": 0.7660317460317461
}